Handle,Title,Body (HTML),Vendor,Product Category,Type,Tags,Published,Option1 Name,Option1 Value,Option1 Linked To,Option2 Name,Option2 Value,Option2 Linked To,Option3 Name,Option3 Value,Option3 Linked To,Variant SKU,Variant Grams,Variant Inventory Tracker,Variant Inventory Qty,Variant Inventory Policy,Variant Fulfillment Service,Variant Price,Variant Compare At Price,Variant Requires Shipping,Variant Taxable,Unit Price Total Measure,Unit Price Total Measure Unit,Unit Price Base Measure,Unit Price Base Measure Unit,Variant Barcode,Image Src,Image Position,Image Alt Text,Gift Card,SEO Title,SEO Description,Variant Image,Variant Weight Unit,Variant Tax Code,Cost per item,Status
pantalon-largo-mujer,Pantalón Largo Mujer,"Pantalón Largo Deportivo – Confort y Rendimiento Total

El Pantalón Largo de ALTOR está diseñado para atletas que buscan máximo rendimiento y confort durante entrenamientos intensos. Su ajuste anatómico y materiales de alta tecnología garantizan libertad de movimiento total.

✅ Tecnología avanzada: Elaborado en poliéster y elastano de alto rendimiento con protección UV+50.
✅ Máxima transpirabilidad: Sistema de control de humedad que te mantiene seco.
✅ Ajuste perfecto: Tecnología bi-stretch para libertad de movimiento total.
✅ Durabilidad: Colores firmes resistentes al desgaste, sol, sal y cloro.

NUESTRA TECNOLOGÍA: SPORTSEC | PROTECCIÓN UV | BI-STRETCH | ELONGACIÓN",ALTOR,Uncategorized,Ropa Deportiva,"deportivo, largo, licra, mujer, mujeres, pantalon, transpirable, uv",true,Color,Negro,,,,,,,,PANT-M-NEGRO,0.0,,0,deny,manual,80000.00,,false,true,,,,,,https://cdn.shopify.com/s/files/1/0749/0253/6365/files/0bad7573-567c-442c-8221-e13fedb22b25.png?v=1769047789,1,"",false,,,,kg,,,active
pantalon-largo-mujer,,,,,,,,,Azul Oscuro,,,,,,,,PANT-M-AZULOSC,0.0,,0,deny,manual,80000.00,,false,true,,,,,,https://cdn.shopify.com/s/files/1/0749/0253/6365/files/nobg_70ffa839.png?v=1769047789,2,"",,,,,kg,,,
pantalon-largo-mujer,,,,,,,,,,,,,,,,,,,,,,,,,,,,,,,,https://cdn.shopify.com/s/files/1/0749/0253/6365/files/0cc93223-e75c-47dd-b4d6-0639018b310f.png?v=1769046995,3,"",,,,,,,,
pantalon-largo-hombre,Pantalón Largo Hombre,"Pantalón Largo Deportivo – Confort y Rendimiento Total

El Pantalón Largo de ALTOR está diseñado para atletas que buscan máximo rendimiento y confort durante entrenamientos intensos. Su ajuste anatómico y materiales de alta tecnología garantizan libertad de movimiento total.

✅ Tecnología avanzada: Elaborado en poliéster y elastano de alto rendimiento con protección UV+50.
✅ Máxima transpirabilidad: Sistema de control de humedad que te mantiene seco.
✅ Ajuste perfecto: Tecnología bi-stretch para libertad de movimiento total.
✅ Durabilidad: Colores firmes resistentes al desgaste, sol, sal y cloro.

NUESTRA TECNOLOGÍA: SPORTSEC | PROTECCIÓN UV | BI-STRETCH | ELONGACIÓN",ALTOR,Uncategorized,Ropa Deportiva,"deportivo, hombre, hombres, largo, licra, pantalon, transpirable, uv",true,Color,Negro,,,,,,,,PANT-H-NEGRO,0.0,,0,deny,manual,80000.00,,false,true,,,,,,https://cdn.shopify.com/s/files/1/0749/0253/6365/files/0bad7573-567c-442c-8221-e13fedb22b25.png?v=1769047789,1,"",false,,,,kg,,,active
pantalon-largo-hombre,,,,,,,,,Azul Oscuro,,,,,,,,PANT-H-AZULOSC,0.0,,0,deny,manual,80000.00,,false,true,,,,,,https://cdn.shopify.com/s/files/1/0749/0253/6365/files/nobg_70ffa839.png?v=1769047789,2,"",,,,,kg,,,
pantalon-largo-hombre,,,,,,,,,,,,,,,,,,,,,,,,,,,,,,,,https://cdn.shopify.com/s/files/1/0749/0253/6365/files/0cc93223-e75c-47dd-b4d6-0639018b310f.png?v=1769046995,3,"",,,,,,,,
chaqueta-rompeviento-mujer,Chaqueta Rompeviento Mujer,"Chaqueta Rompeviento – Estilo y Protección en Cada Paso

La Chaqueta Rompeviento de ALTOR está diseñada para mujeres activas que buscan protección contra el viento sin sacrificar estilo. Su diseño ligero y funcional la hace perfecta para entrenamientos al aire libre.

✅ Protección contra el viento: Material resistente que te mantiene protegida en condiciones adversas.
✅ Diseño ligero: Fácil de llevar y almacenar, perfecta para cualquier actividad.
✅ Cremallera frontal: Acceso fácil y ajuste seguro.
✅ Bolsillos con cremallera: Guarda tus pertenencias de forma segura.
✅ Detalles de color: Cremallera en color contrastante para un look deportivo y moderno.

NUESTRA TECNOLOGÍA: WINDBLOCK | ULTRALIGERO | RESISTENTE",ALTOR,Uncategorized,Ropa Deportiva,"chaqueta, deportivo, mujer, mujeres, rompeviento",true,Color,Naranja,,,,,,,,ROMPEV-M-NARANJA,0.0,,0,deny,manual,70000.00,,false,true,,,,,,https://cdn.shopify.com/s/files/1/0749/0253/6365/files/4da26d36-45f2-4c14-92e7-04e1e0c9e74a.png?v=1769043827,1,"",false,,,,kg,,,active
chaqueta-rompeviento-mujer,,,,,,,,,Fucsia,,,,,,,,ROMPEV-M-FUCSIA,0.0,,0,deny,manual,70000.00,,false,true,,,,,,,,,,,,,kg,,,
chaqueta-rompeviento-mujer,,,,,,,,,Azul Rey,,,,,,,,ROMPEV-M-AZULREY,0.0,,0,deny,manual,70000.00,,false,true,,,,,,,,,,,,,kg,,,
short-deportivo-aurora-mujer,Short Deportivo Aurora Mujer,"Short Deportivo Aurora – Libertad y Rendimiento en Cada Movimiento

El Short Deportivo Aurora de ALTOR está diseñado para atletas que exigen lo mejor. Su ajuste ergonómico y materiales de alta tecnología garantizan comodidad y rendimiento óptimo durante entrenamientos intensos.

✅ Tecnología avanzada: Elaborado en poliéster y elastano de alto rendimiento con protección UV+50.
✅ Máxima transpirabilidad: Sistema de control de humedad que te mantiene seco.
✅ Ajuste perfecto: Tecnología bi-stretch para libertad de movimiento total.
✅ Durabilidad: Colores firmes resistentes al desgaste, sol, sal y cloro.

NUESTRA TECNOLOGÍA: SPORTSEC | PROTECCIÓN UV | BI-STRETCH | ELONGACIÓN",ALTOR,Uncategorized,Ropa Deportiva,"aurora, deportivo, mujer, mujeres, short, transpirable, uv",true,Color,Amarillo,,,,,,,,AURORA-M-AMARILLO,0.0,,0,deny,manual,50000.00,,false,true,,,,,,https://cdn.shopify.com/s/files/1/0749/0253/6365/files/cab9d39c-b715-4197-b74a-7f30c1c7e7fd.png?v=1769047526,1,"",false,,,,kg,,,active
short-deportivo-aurora-mujer,,,,,,,,,Azul Oscuro,,,,,,,,AURORA-M-AZULOSC,0.0,,0,deny,manual,50000.00,,false,true,,,,,,,,,,,,,kg,,,
short-deportivo-aurora-mujer,,,,,,,,,Azul Rey,,,,,,,,AURORA-M-AZULREY,0.0,,0,deny,manual,50000.00,,false,true,,,,,,,,,,,,,kg,,,
short-deportivo-aurora-mujer,,,,,,,,,Rojo,,,,,,,,AURORA-M-ROJO,0.0,,0,deny,manual,50000.00,,false,true,,,,,,,,,,,,,kg,,,
short-deportivo-aurora-mujer,,,,,,,,,Verde Limón,,,,,,,,AURORA-M-VERDELIM,0.0,,0,deny,manual,50000.00,,false,true,,,,,,,,,,,,,kg,,,
short-deportivo-aurora-mujer,,,,,,,,,Verde Militar,,,,,,,,AURORA-M-VERDEMIL,0.0,,0,deny,manual,50000.00,,false,true,,,,,,,,,,,,,kg,,,
short-deportivo-aurora-mujer,,,,,,,,,Verde Antioquia,,,,,,,,AURORA-M-VERDEANT,0.0,,0,deny,manual,50000.00,,false,true,,,,,,,,,,,,,kg,,,
short-deportivo-aurora-mujer,,,,,,,,,Púrpura,,,,,,,,AURORA-M-PURPURA,0.0,,0,deny,manual,50000.00,,false,true,,,,,,,,,,,,,kg,,,
short-deportivo-aurora-mujer,,,,,,,,,Gris,,,,,,,,AURORA-M-GRIS,0.0,,0,deny,manual,50000.00,,false,true,,,,,,,,,,,,,kg,,,
short-deportivo-aurora-mujer,,,,,,,,,Negro,,,,,,,,AURORA-M-NEGRO,0.0,,0,deny,manual,50000.00,,false,true,,,,,,,,,,,,,kg,,,
short-deportivo-aurora-mujer,,,,,,,,,Blanco,,,,,,,,AURORA-M-BLANCO,0.0,,0,deny,manual,50000.00,,false,true,,,,,,,,,,,,,kg,,,
short-deportivo-aurora-mujer,,,,,,,,,Naranja Neón,,,,,,,,AURORA-M-NARANJAN,0.0,,0,deny,manual,50000.00,,false,true,,,,,,,,,,,,,kg,,,
short-deportivo-aurora-mujer,,,,,,,,,Naranja Oscuro,,,,,,,,AURORA-M-NARANJAO,0.0,,0,deny,manual,50000.00,,false,true,,,,,,,,,,,,,kg,,,
short-deportivo-aurora-hombre,Short Deportivo Aurora Hombre,"Short Deportivo Aurora – Libertad y Rendimiento en Cada Movimiento

El Short Deportivo Aurora de ALTOR está diseñado para atletas que exigen lo mejor. Su ajuste ergonómico y materiales de alta tecnología garantizan comodidad y rendimiento óptimo durante entrenamientos intensos.

✅ Tecnología avanzada: Elaborado en poliéster y elastano de alto rendimiento con protección UV+50.
✅ Máxima transpirabilidad: Sistema de control de humedad que te mantiene seco.
✅ Ajuste perfecto: Tecnología bi-stretch para libertad de movimiento total.
✅ Durabilidad: Colores firmes resistentes al desgaste, sol, sal y cloro.

NUESTRA TECNOLOGÍA: SPORTSEC | PROTECCIÓN UV | BI-STRETCH | ELONGACIÓN",ALTOR,Uncategorized,Ropa Deportiva,"aurora, deportivo, hombre, hombres, short, transpirable, uv",true,Color,Amarillo,,,,,,,,AURORA-H-AMARILLO,0.0,,0,deny,manual,50000.00,,false,true,,,,,,https://cdn.shopify.com/s/files/1/0749/0253/6365/files/Capturadepantalla2026-01-21ala_s_2.31.39p.m..png?v=1769023905,1,"",false,,,,kg,,,active
short-deportivo-aurora-hombre,,,,,,,,,Azul Oscuro,,,,,,,,AURORA-H-AZULOSC,0.0,,0,deny,manual,50000.00,,false,true,,,,,,,,,,,,,kg,,,
short-deportivo-aurora-hombre,,,,,,,,,Azul Rey,,,,,,,,AURORA-H-AZULREY,0.0,,0,deny,manual,50000.00,,false,true,,,,,,,,,,,,,kg,,,
short-deportivo-aurora-hombre,,,,,,,,,Rojo,,,,,,,,AURORA-H-ROJO,0.0,,0,deny,manual,50000.00,,false,true,,,,,,,,,,,,,kg,,,
short-deportivo-aurora-hombre,,,,,,,,,Verde Limón,,,,,,,,AURORA-H-VERDELIM,0.0,,0,deny,manual,50000.00,,false,true,,,,,,,,,,,,,kg,,,
short-deportivo-aurora-hombre,,,,,,,,,Verde Militar,,,,,,,,AURORA-H-VERDEMIL,0.0,,0,deny,manual,50000.00,,false,true,,,,,,,,,,,,,kg,,,
short-deportivo-aurora-hombre,,,,,,,,,Verde Antioquia,,,,,,,,AURORA-H-VERDEANT,0.0,,0,deny,manual,50000.00,,false,true,,,,,,,,,,,,,kg,,,
short-deportivo-aurora-hombre,,,,,,,,,Púrpura,,,,,,,,AURORA-H-PURPURA,0.0,,0,deny,manual,50000.00,,false,true,,,,,,,,,,,,,kg,,,
short-deportivo-aurora-hombre,,,,,,,,,Gris,,,,,,,,AURORA-H-GRIS,0.0,,0,deny,manual,50000.00,,false,true,,,,,,,,,,,,,kg,,,
short-deportivo-aurora-hombre,,,,,,,,,Negro,,,,,,,,AURORA-H-NEGRO,0.0,,0,deny,manual,50000.00,,false,true,,,,,,,,,,,,,kg,,,
short-deportivo-aurora-hombre,,,,,,,,,Blanco,,,,,,,,AURORA-H-BLANCO,0.0,,0,deny,manual,50000.00,,false,true,,,,,,,,,,,,,kg,,,
short-deportivo-aurora-hombre,,,,,,,,,Naranja Neón,,,,,,,,AURORA-H-NARANJAN,0.0,,0,deny,manual,50000.00,,false,true,,,,,,,,,,,,,kg,,,
short-deportivo-aurora-hombre,,,,,,,,,Naranja Oscuro,,,,,,,,AURORA-H-NARANJAO,0.0,,0,deny,manual,50000.00,,false,true,,,,,,,,,,,,,kg,,,
short-deportivo-aquiles-mujer,Short Deportivo Aquiles Mujer,"Short Deportivo Aquiles – Libertad y Rendimiento en Cada Movimiento

El Short Deportivo Aquiles de ALTOR está diseñado para atletas que exigen lo mejor. Su ajuste ergonómico y materiales de alta tecnología garantizan comodidad y rendimiento óptimo durante entrenamientos intensos.

✅ Tecnología avanzada: Elaborado en poliéster y elastano de alto rendimiento con protección UV+50.
✅ Máxima transpirabilidad: Sistema de control de humedad que te mantiene seco.
✅ Ajuste perfecto: Tecnología bi-stretch para libertad de movimiento total.
✅ Durabilidad: Colores firmes resistentes al desgaste, sol, sal y cloro.
✅ Elástico exclusivo ALTOR: Cintura con diseño premium y logo distintivo.

NUESTRA TECNOLOGÍA: SPORTSEC | PROTECCIÓN UV | BI-STRETCH | ELONGACIÓN",ALTOR,Uncategorized,Ropa Deportiva,"aquiles, deportivo, mujer, mujeres, short, transpirable, uv",true,Color,Amarillo,,,,,,,,AQUILES-M-AMARILLO,0.0,,0,deny,manual,50000.00,,false,true,,,,,,https://cdn.shopify.com/s/files/1/0749/0253/6365/files/f061a0ec-cf1d-4487-9091-44ac717d0778.png?v=1769045162,1,"",false,,,,kg,,,active
short-deportivo-aquiles-mujer,,,,,,,,,Azul Oscuro,,,,,,,,AQUILES-M-AZULOSC,0.0,,0,deny,manual,50000.00,,false,true,,,,,,,,,,,,,kg,,,
short-deportivo-aquiles-mujer,,,,,,,,,Azul Rey,,,,,,,,AQUILES-M-AZULREY,0.0,,0,deny,manual,50000.00,,false,true,,,,,,,,,,,,,kg,,,
short-deportivo-aquiles-mujer,,,,,,,,,Rojo,,,,,,,,AQUILES-M-ROJO,0.0,,0,deny,manual,50000.00,,false,true,,,,,,,,,,,,,kg,,,
short-deportivo-aquiles-mujer,,,,,,,,,Verde Limón,,,,,,,,AQUILES-M-VERDELIM,0.0,,0,deny,manual,50000.00,,false,true,,,,,,,,,,,,,kg,,,
short-deportivo-aquiles-mujer,,,,,,,,,Verde Militar,,,,,,,,AQUILES-M-VERDEMIL,0.0,,0,deny,manual,50000.00,,false,true,,,,,,,,,,,,,kg,,,
short-deportivo-aquiles-mujer,,,,,,,,,Verde Antioquia,,,,,,,,AQUILES-M-VERDEANT,0.0,,0,deny,manual,50000.00,,false,true,,,,,,,,,,,,,kg,,,
short-deportivo-aquiles-mujer,,,,,,,,,Púrpura,,,,,,,,AQUILES-M-PURPURA,0.0,,0,deny,manual,50000.00,,false,true,,,,,,,,,,,,,kg,,,
short-deportivo-aquiles-mujer,,,,,,,,,Gris,,,,,,,,AQUILES-M-GRIS,0.0,,0,deny,manual,50000.00,,false,true,,,,,,,,,,,,,kg,,,
short-deportivo-aquiles-mujer,,,,,,,,,Negro,,,,,,,,AQUILES-M-NEGRO,0.0,,0,deny,manual,50000.00,,false,true,,,,,,,,,,,,,kg,,,
short-deportivo-aquiles-mujer,,,,,,,,,Blanco,,,,,,,,AQUILES-M-BLANCO,0.0,,0,deny,manual,50000.00,,false,true,,,,,,,,,,,,,kg,,,
short-deportivo-aquiles-mujer,,,,,,,,,Naranja Neón,,,,,,,,AQUILES-M-NARANJAN,0.0,,0,deny,manual,50000.00,,false,true,,,,,,,,,,,,,kg,,,
short-deportivo-aquiles-mujer,,,,,,,,,Naranja Oscuro,,,,,,,,AQUILES-M-NARANJAO,0.0,,0,deny,manual,50000.00,,false,true,,,,,,,,,,,,,kg,,,
short-deportivo-aquiles-hombre,Short Deportivo Aquiles Hombre,"Short Deportivo Aquiles – Libertad y Rendimiento en Cada Movimiento

El Short Deportivo Aquiles de ALTOR está diseñado para atletas que exigen lo mejor. Su ajuste ergonómico y materiales de alta tecnología garantizan comodidad y rendimiento óptimo durante entrenamientos intensos.

✅ Tecnología avanzada: Elaborado en poliéster y elastano de alto rendimiento con protección UV+50.
✅ Máxima transpirabilidad: Sistema de control de humedad que te mantiene seco.
✅ Ajuste perfecto: Tecnología bi-stretch para libertad de movimiento total.
✅ Durabilidad: Colores firmes resistentes al desgaste, sol, sal y cloro.
✅ Elástico exclusivo ALTOR: Cintura con diseño premium y logo distintivo.

NUESTRA TECNOLOGÍA: SPORTSEC | PROTECCIÓN UV | BI-STRETCH | ELONGACIÓN",ALTOR,Uncategorized,Ropa Deportiva,"aquiles, deportivo, hombre, hombres, short, transpirable, uv",true,Color,Amarillo,,,,,,,,AQUILES-H-AMARILLO,0.0,,0,deny,manual,50000.00,,false,true,,,,,,https://cdn.shopify.com/s/files/1/0749/0253/6365/files/Capturadepantalla2026-01-21ala_s_2.28.55p.m..png?v=1769023748,1,"",false,,,,kg,,,active
short-deportivo-aquiles-hombre,,,,,,,,,Azul Oscuro,,,,,,,,AQUILES-H-AZULOSC,0.0,,0,deny,manual,50000.00,,false,true,,,,,,,,,,,,,kg,,,
short-deportivo-aquiles-hombre,,,,,,,,,Azul Rey,,,,,,,,AQUILES-H-AZULREY,0.0,,0,deny,manual,50000.00,,false,true,,,,,,,,,,,,,kg,,,
short-deportivo-aquiles-hombre,,,,,,,,,Rojo,,,,,,,,AQUILES-H-ROJO,0.0,,0,deny,manual,50000.00,,false,true,,,,,,,,,,,,,kg,,,
short-deportivo-aquiles-hombre,,,,,,,,,Verde Limón,,,,,,,,AQUILES-H-VERDELIM,0.0,,0,deny,manual,50000.00,,false,true,,,,,,,,,,,,,kg,,,
short-deportivo-aquiles-hombre,,,,,,,,,Verde Militar,,,,,,,,AQUILES-H-VERDEMIL,0.0,,0,deny,manual,50000.00,,false,true,,,,,,,,,,,,,kg,,,
short-deportivo-aquiles-hombre,,,,,,,,,Verde Antioquia,,,,,,,,AQUILES-H-VERDEANT,0.0,,0,deny,manual,50000.00,,false,true,,,,,,,,,,,,,kg,,,
short-deportivo-aquiles-hombre,,,,,,,,,Púrpura,,,,,,,,AQUILES-H-PURPURA,0.0,,0,deny,manual,50000.00,,false,true,,,,,,,,,,,,,kg,,,
short-deportivo-aquiles-hombre,,,,,,,,,Gris,,,,,,,,AQUILES-H-GRIS,0.0,,0,deny,manual,50000.00,,false,true,,,,,,,,,,,,,kg,,,
short-deportivo-aquiles-hombre,,,,,,,,,Negro,,,,,,,,AQUILES-H-NEGRO,0.0,,0,deny,manual,50000.00,,false,true,,,,,,,,,,,,,kg,,,
short-deportivo-aquiles-hombre,,,,,,,,,Blanco,,,,,,,,AQUILES-H-BLANCO,0.0,,0,deny,manual,50000.00,,false,true,,,,,,,,,,,,,kg,,,
short-deportivo-aquiles-hombre,,,,,,,,,Naranja Neón,,,,,,,,AQUILES-H-NARANJAN,0.0,,0,deny,manual,50000.00,,false,true,,,,,,,,,,,,,kg,,,
short-deportivo-aquiles-hombre,,,,,,,,,Naranja Oscuro,,,,,,,,AQUILES-H-NARANJAO,0.0,,0,deny,manual,50000.00,,false,true,,,,,,,,,,,,,kg,,,
buso-licrado-apolo-mujer,Buso Licrado Apolo Mujer,"Buso Licrado Apolo – Potencia y Confort en Cada Movimiento

El Buso Licrado Apolo de ALTOR está diseñado para atletas que buscan el máximo rendimiento sin sacrificar estilo. Su ajuste anatómico y materiales de alta tecnología garantizan comodidad total durante entrenamientos intensos.

✅ Tecnología avanzada: Elaborado en poliéster y elastano de alto rendimiento con protección UV+50.
✅ Máxima transpirabilidad: Sistema de control de humedad que te mantiene seco.
✅ Ajuste perfecto: Tecnología bi-stretch para libertad de movimiento total.
✅ Durabilidad: Colores firmes resistentes al desgaste, sol, sal y cloro.

NUESTRA TECNOLOGÍA: SPORTSEC | PROTECCIÓN UV | BI-STRETCH | ELONGACIÓN",ALTOR,Uncategorized,Ropa Deportiva,"apolo, buso, deportivo, licrado, mujer, mujeres, transpirable, uv",true,Color,Amarillo,,,,,,,,APOLO-M-AMARILLO,0.0,,0,deny,manual,70000.00,,false,true,,,,,,https://cdn.shopify.com/s/files/1/0749/0253/6365/files/1e2493e6-7abe-404d-9e4d-ef3e6517276c.png?v=1769044924,1,"",false,,,,kg,,,active
buso-licrado-apolo-mujer,,,,,,,,,Azul Oscuro,,,,,,,,APOLO-M-AZULOSC,0.0,,0,deny,manual,70000.00,,false,true,,,,,,,,,,,,,kg,,,
buso-licrado-apolo-mujer,,,,,,,,,Azul Rey,,,,,,,,APOLO-M-AZULREY,0.0,,0,deny,manual,70000.00,,false,true,,,,,,,,,,,,,kg,,,
buso-licrado-apolo-mujer,,,,,,,,,Rojo,,,,,,,,APOLO-M-ROJO,0.0,,0,deny,manual,70000.00,,false,true,,,,,,,,,,,,,kg,,,
buso-licrado-apolo-mujer,,,,,,,,,Verde Limón,,,,,,,,APOLO-M-VERDELIM,0.0,,0,deny,manual,70000.00,,false,true,,,,,,,,,,,,,kg,,,
buso-licrado-apolo-mujer,,,,,,,,,Verde Militar,,,,,,,,APOLO-M-VERDEMIL,0.0,,0,deny,manual,70000.00,,false,true,,,,,,,,,,,,,kg,,,
buso-licrado-apolo-mujer,,,,,,,,,Verde Antioquia,,,,,,,,APOLO-M-VERDEANT,0.0,,0,deny,manual,70000.00,,false,true,,,,,,,,,,,,,kg,,,
buso-licrado-apolo-mujer,,,,,,,,,Púrpura,,,,,,,,APOLO-M-PURPURA,0.0,,0,deny,manual,70000.00,,false,true,,,,,,,,,,,,,kg,,,
buso-licrado-apolo-mujer,,,,,,,,,Gris,,,,,,,,APOLO-M-GRIS,0.0,,0,deny,manual,70000.00,,false,true,,,,,,,,,,,,,kg,,,
buso-licrado-apolo-mujer,,,,,,,,,Negro,,,,,,,,APOLO-M-NEGRO,0.0,,0,deny,manual,70000.00,,false,true,,,,,,,,,,,,,kg,,,
buso-licrado-apolo-mujer,,,,,,,,,Blanco,,,,,,,,APOLO-M-BLANCO,0.0,,0,deny,manual,70000.00,,false,true,,,,,,,,,,,,,kg,,,
buso-licrado-apolo-mujer,,,,,,,,,Naranja Neón,,,,,,,,APOLO-M-NARANJAN,0.0,,0,deny,manual,70000.00,,false,true,,,,,,,,,,,,,kg,,,
buso-licrado-apolo-mujer,,,,,,,,,Naranja Oscuro,,,,,,,,APOLO-M-NARANJAO,0.0,,0,deny,manual,70000.00,,false,true,,,,,,,,,,,,,kg,,,
buso-licrado-apolo-hombre,Buso Licrado Apolo Hombre,"Buso Licrado Apolo – Potencia y Confort en Cada Movimiento

El Buso Licrado Apolo de ALTOR está diseñado para atletas que buscan el máximo rendimiento sin sacrificar estilo. Su ajuste anatómico y materiales de alta tecnología garantizan comodidad total durante entrenamientos intensos.

✅ Tecnología avanzada: Elaborado en poliéster y elastano de alto rendimiento con protección UV+50.
✅ Máxima transpirabilidad: Sistema de control de humedad que te mantiene seco.
✅ Ajuste perfecto: Tecnología bi-stretch para libertad de movimiento total.
✅ Durabilidad: Colores firmes resistentes al desgaste, sol, sal y cloro.

NUESTRA TECNOLOGÍA: SPORTSEC | PROTECCIÓN UV | BI-STRETCH | ELONGACIÓN",ALTOR,Uncategorized,Ropa Deportiva,"apolo, buso, deportivo, hombre, hombres, licrado, transpirable, uv",true,Color,Amarillo,,,,,,,,APOLO-H-AMARILLO,0.0,,0,deny,manual,70000.00,,false,true,,,,,,https://cdn.shopify.com/s/files/1/0749/0253/6365/files/a9c061a0-6bbf-45e9-8e9b-82f25eac4866.png?v=1769045652,1,"",false,,,,kg,,,active
buso-licrado-apolo-hombre,,,,,,,,,Azul Oscuro,,,,,,,,APOLO-H-AZULOSC,0.0,,0,deny,manual,70000.00,,false,true,,,,,,,,,,,,,kg,,,
buso-licrado-apolo-hombre,,,,,,,,,Azul Rey,,,,,,,,APOLO-H-AZULREY,0.0,,0,deny,manual,70000.00,,false,true,,,,,,,,,,,,,kg,,,
buso-licrado-apolo-hombre,,,,,,,,,Rojo,,,,,,,,APOLO-H-ROJO,0.0,,0,deny,manual,70000.00,,false,true,,,,,,,,,,,,,kg,,,
buso-licrado-apolo-hombre,,,,,,,,,Verde Limón,,,,,,,,APOLO-H-VERDELIM,0.0,,0,deny,manual,70000.00,,false,true,,,,,,,,,,,,,kg,,,
buso-licrado-apolo-hombre,,,,,,,,,Verde Militar,,,,,,,,APOLO-H-VERDEMIL,0.0,,0,deny,manual,70000.00,,false,true,,,,,,,,,,,,,kg,,,
buso-licrado-apolo-hombre,,,,,,,,,Verde Antioquia,,,,,,,,APOLO-H-VERDEANT,0.0,,0,deny,manual,70000.00,,false,true,,,,,,,,,,,,,kg,,,
buso-licrado-apolo-hombre,,,,,,,,,Púrpura,,,,,,,,APOLO-H-PURPURA,0.0,,0,deny,manual,70000.00,,false,true,,,,,,,,,,,,,kg,,,
buso-licrado-apolo-hombre,,,,,,,,,Gris,,,,,,,,APOLO-H-GRIS,0.0,,0,deny,manual,70000.00,,false,true,,,,,,,,,,,,,kg,,,
buso-licrado-apolo-hombre,,,,,,,,,Negro,,,,,,,,APOLO-H-NEGRO,0.0,,0,deny,manual,70000.00,,false,true,,,,,,,,,,,,,kg,,,
buso-licrado-apolo-hombre,,,,,,,,,Blanco,,,,,,,,APOLO-H-BLANCO,0.0,,0,deny,manual,70000.00,,false,true,,,,,,,,,,,,,kg,,,
buso-licrado-apolo-hombre,,,,,,,,,Naranja Neón,,,,,,,,APOLO-H-NARANJAN,0.0,,0,deny,manual,70000.00,,false,true,,,,,,,,,,,,,kg,,,
buso-licrado-apolo-hombre,,,,,,,,,Naranja Oscuro,,,,,,,,APOLO-H-NARANJAO,0.0,,0,deny,manual,70000.00,,false,true,,,,,,,,,,,,,kg,,,
camiseta-licra-quiron-mujer,Camiseta Licra Quiron Mujer,"Camiseta Licra Quiron – Rendimiento y Estilo para tu Entrenamiento

La Camiseta Licra Quiron de ALTOR está diseñada para ofrecer máximo confort y rendimiento. Fabricada con materiales de alta calidad que garantizan transpirabilidad, ajuste anatómico y protección UV.

✅ Tecnología avanzada: Elaborada en poliéster y elastano de alto rendimiento con protección UV+50.
✅ Máxima transpirabilidad: Sistema de control de humedad que te mantiene seco durante el entrenamiento.
✅ Ajuste perfecto: Tecnología bi-stretch para libertad de movimiento total.
✅ Durabilidad: Colores firmes resistentes al desgaste, sol, sal y cloro.

NUESTRA TECNOLOGÍA: SPORTSEC | PROTECCIÓN UV | BI-STRETCH | ELONGACIÓN",ALTOR,Uncategorized,Ropa Deportiva,"camiseta, deportivo, licra, mujer, mujeres, quiron, transpirable, uv",true,Color,Amarillo,,,,,,,,QUIRON-M-AMARILLO,0.0,,0,deny,manual,60000.00,,false,true,,,,,,https://cdn.shopify.com/s/files/1/0749/0253/6365/files/64f32dff-1535-4c01-aeb6-ae178b08f1a4.png?v=1769044621,1,"",false,,,,kg,,,active
camiseta-licra-quiron-mujer,,,,,,,,,Azul Oscuro,,,,,,,,QUIRON-M-AZULOSC,0.0,,0,deny,manual,60000.00,,false,true,,,,,,,,,,,,,kg,,,
camiseta-licra-quiron-mujer,,,,,,,,,Azul Rey,,,,,,,,QUIRON-M-AZULREY,0.0,,0,deny,manual,60000.00,,false,true,,,,,,,,,,,,,kg,,,
camiseta-licra-quiron-mujer,,,,,,,,,Rojo,,,,,,,,QUIRON-M-ROJO,0.0,,0,deny,manual,60000.00,,false,true,,,,,,,,,,,,,kg,,,
camiseta-licra-quiron-mujer,,,,,,,,,Verde Limón,,,,,,,,QUIRON-M-VERDELIM,0.0,,0,deny,manual,60000.00,,false,true,,,,,,,,,,,,,kg,,,
camiseta-licra-quiron-mujer,,,,,,,,,Verde Militar,,,,,,,,QUIRON-M-VERDEMIL,0.0,,0,deny,manual,60000.00,,false,true,,,,,,,,,,,,,kg,,,
camiseta-licra-quiron-mujer,,,,,,,,,Verde Antioquia,,,,,,,,QUIRON-M-VERDEANT,0.0,,0,deny,manual,60000.00,,false,true,,,,,,,,,,,,,kg,,,
camiseta-licra-quiron-mujer,,,,,,,,,Púrpura,,,,,,,,QUIRON-M-PURPURA,0.0,,0,deny,manual,60000.00,,false,true,,,,,,,,,,,,,kg,,,
camiseta-licra-quiron-mujer,,,,,,,,,Gris,,,,,,,,QUIRON-M-GRIS,0.0,,0,deny,manual,60000.00,,false,true,,,,,,,,,,,,,kg,,,
camiseta-licra-quiron-mujer,,,,,,,,,Negro,,,,,,,,QUIRON-M-NEGRO,0.0,,0,deny,manual,60000.00,,false,true,,,,,,,,,,,,https://cdn.shopify.com/s/files/1/0749/0253/6365/files/64f32dff-1535-4c01-aeb6-ae178b08f1a4.png?v=1769044621,kg,,,
camiseta-licra-quiron-mujer,,,,,,,,,Blanco,,,,,,,,QUIRON-M-BLANCO,0.0,,0,deny,manual,60000.00,,false,true,,,,,,,,,,,,,kg,,,
camiseta-licra-quiron-mujer,,,,,,,,,Naranja Neón,,,,,,,,QUIRON-M-NARANJAN,0.0,,0,deny,manual,60000.00,,false,true,,,,,,,,,,,,,kg,,,
camiseta-licra-quiron-mujer,,,,,,,,,Naranja Oscuro,,,,,,,,QUIRON-M-NARANJAO,0.0,,0,deny,manual,60000.00,,false,true,,,,,,,,,,,,,kg,,,
camiseta-licra-quiron-hombre,Camiseta Licra Quiron Hombre,"Camiseta Licra Quiron – Rendimiento y Estilo para tu Entrenamiento

La Camiseta Licra Quiron de ALTOR está diseñada para ofrecer máximo confort y rendimiento. Fabricada con materiales de alta calidad que garantizan transpirabilidad, ajuste anatómico y protección UV.

✅ Tecnología avanzada: Elaborada en poliéster y elastano de alto rendimiento con protección UV+50.
✅ Máxima transpirabilidad: Sistema de control de humedad que te mantiene seco durante el entrenamiento.
✅ Ajuste perfecto: Tecnología bi-stretch para libertad de movimiento total.
✅ Durabilidad: Colores firmes resistentes al desgaste, sol, sal y cloro.

NUESTRA TECNOLOGÍA: SPORTSEC | PROTECCIÓN UV | BI-STRETCH | ELONGACIÓN",ALTOR,Uncategorized,Ropa Deportiva,"camiseta, deportivo, hombre, hombres, licra, quiron, transpirable, uv",true,Color,Amarillo,,,,,,,,QUIRON-H-AMARILLO,0.0,,0,deny,manual,60000.00,,false,true,,,,,,https://cdn.shopify.com/s/files/1/0749/0253/6365/files/a7ad9265-f3a2-4266-9858-3688461a897b.png?v=1769045889,1,"",false,,,,kg,,,active
camiseta-licra-quiron-hombre,,,,,,,,,Azul Oscuro,,,,,,,,QUIRON-H-AZULOSC,0.0,,0,deny,manual,60000.00,,false,true,,,,,,,,,,,,,kg,,,
camiseta-licra-quiron-hombre,,,,,,,,,Azul Rey,,,,,,,,QUIRON-H-AZULREY,0.0,,0,deny,manual,60000.00,,false,true,,,,,,,,,,,,,kg,,,
camiseta-licra-quiron-hombre,,,,,,,,,Rojo,,,,,,,,QUIRON-H-ROJO,0.0,,0,deny,manual,60000.00,,false,true,,,,,,,,,,,,,kg,,,
camiseta-licra-quiron-hombre,,,,,,,,,Verde Limón,,,,,,,,QUIRON-H-VERDELIM,0.0,,0,deny,manual,60000.00,,false,true,,,,,,,,,,,,,kg,,,
camiseta-licra-quiron-hombre,,,,,,,,,Verde Militar,,,,,,,,QUIRON-H-VERDEMIL,0.0,,0,deny,manual,60000.00,,false,true,,,,,,,,,,,,,kg,,,
camiseta-licra-quiron-hombre,,,,,,,,,Verde Antioquia,,,,,,,,QUIRON-H-VERDEANT,0.0,,0,deny,manual,60000.00,,false,true,,,,,,,,,,,,,kg,,,
camiseta-licra-quiron-hombre,,,,,,,,,Púrpura,,,,,,,,QUIRON-H-PURPURA,0.0,,0,deny,manual,60000.00,,false,true,,,,,,,,,,,,,kg,,,
camiseta-licra-quiron-hombre,,,,,,,,,Gris,,,,,,,,QUIRON-H-GRIS,0.0,,0,deny,manual,60000.00,,false,true,,,,,,,,,,,,,kg,,,
camiseta-licra-quiron-hombre,,,,,,,,,Negro,,,,,,,,QUIRON-H-NEGRO,0.0,,0,deny,manual,60000.00,,false,true,,,,,,,,,,,,,kg,,,
camiseta-licra-quiron-hombre,,,,,,,,,Blanco,,,,,,,,QUIRON-H-BLANCO,0.0,,0,deny,manual,60000.00,,false,true,,,,,,,,,,,,,kg,,,
camiseta-licra-quiron-hombre,,,,,,,,,Naranja Neón,,,,,,,,QUIRON-H-NARANJAN,0.0,,0,deny,manual,60000.00,,false,true,,,,,,,,,,,,,kg,,,
camiseta-licra-quiron-hombre,,,,,,,,,Naranja Oscuro,,,,,,,,QUIRON-H-NARANJAO,0.0,,0,deny,manual,60000.00,,false,true,,,,,,,,,,,,,kg,,,
buso-licra-kronos-mujer,Buso Licra Kronos Mujer,"Buzo Kronos – Rendimiento y Transpirabilidad al Máximo Nivel

El Buzo Kronos de ALTOR está diseñado para quienes buscan superar sus límites sin sacrificar confort. Su innovación radica en la inserción de mallas estratégicas en hombros y laterales, que brindan una ventilación superior y una sensación de frescura en cada entrenamiento.

✅ Tecnología avanzada: Elaborado en poliéster y elastano de alto rendimiento, con protección UV+50, bloquea eficazmente los rayos solares mientras ofrece un ajuste anatómico que potencia cada movimiento. Su tecnología bi-stretch permite máxima elasticidad en todas las direcciones, garantizando comodidad y libertad absoluta.

✅ Frescura y control del sudor: Gracias a la malla en zonas clave, el Kronos asegura una mayor transpirabilidad, evitando la acumulación de humedad y manteniéndote seco incluso en entrenamientos intensos. Además, su sistema de absorción de humedad protege contra malos olores y hongos.

✅ Diseño moderno y funcional: Disponible en colores deportivos y versátiles (azul oscuro, azul rey, blanco y negro), con un diseño minimalista que proyecta potencia y estilo deportivo. El logo ALTOR aporta un toque elegante y diferenciador.

✅ Durabilidad comprobada: Resistente al desgaste, con colores firmes que no se decoloran frente al sol, la sal o el cloro. Una prenda hecha para durar y acompañar cada reto deportivo.

NUESTRA TECNOLOGÍA: SPORTSEC | PROTECCIÓN UV | BI-STRETCH | ELONGACIÓN | AQUATECH",ALTOR,Uncategorized,Ropa Deportiva,"buzo, deportivo, kronos, licra, mujer, mujeres, transpirable, uv",true,Color,Azul Oscuro,,,,,,,,KRONOS-M-AZULOSC,0.0,,0,deny,manual,70000.00,,false,true,,,,,,https://cdn.shopify.com/s/files/1/0749/0253/6365/files/4ac1c258-5614-4081-a669-4d2d06682f7e-2.png?v=1769044417,1,"",false,,,,kg,,,active
buso-licra-kronos-mujer,,,,,,,,,Azul Rey,,,,,,,,KRONOS-M-AZULREY,0.0,,0,deny,manual,70000.00,,false,true,,,,,,,,,,,,,kg,,,
buso-licra-kronos-mujer,,,,,,,,,Blanco,,,,,,,,KRONOS-M-BLANCO,0.0,,0,deny,manual,70000.00,,false,true,,,,,,,,,,,,,kg,,,
buso-licra-kronos-mujer,,,,,,,,,Negro,,,,,,,,KRONOS-M-NEGRO,0.0,,0,deny,manual,70000.00,,false,true,,,,,,,,,,,,,kg,,,
buso-licra-kronos-hombre,Buso Licra Kronos Hombre,"Buzo Kronos – Rendimiento y Transpirabilidad al Máximo Nivel

El Buzo Kronos de ALTOR está diseñado para quienes buscan superar sus límites sin sacrificar confort. Su innovación radica en la inserción de mallas estratégicas en hombros y laterales, que brindan una ventilación superior y una sensación de frescura en cada entrenamiento.

✅ Tecnología avanzada: Elaborado en poliéster y elastano de alto rendimiento, con protección UV+50, bloquea eficazmente los rayos solares mientras ofrece un ajuste anatómico que potencia cada movimiento. Su tecnología bi-stretch permite máxima elasticidad en todas las direcciones, garantizando comodidad y libertad absoluta.

✅ Frescura y control del sudor: Gracias a la malla en zonas clave, el Kronos asegura una mayor transpirabilidad, evitando la acumulación de humedad y manteniéndote seco incluso en entrenamientos intensos. Además, su sistema de absorción de humedad protege contra malos olores y hongos.

✅ Diseño moderno y funcional: Disponible en colores deportivos y versátiles (azul oscuro, azul rey, blanco y negro), con un diseño minimalista que proyecta potencia y estilo deportivo. El logo ALTOR aporta un toque elegante y diferenciador.

✅ Durabilidad comprobada: Resistente al desgaste, con colores firmes que no se decoloran frente al sol, la sal o el cloro. Una prenda hecha para durar y acompañar cada reto deportivo.

NUESTRA TECNOLOGÍA: SPORTSEC | PROTECCIÓN UV | BI-STRETCH | ELONGACIÓN | AQUATECH",ALTOR,Uncategorized,Ropa Deportiva,"buzo, deportivo, hombre, hombres, kronos, licra, transpirable, uv",true,Color,Azul Oscuro,,,,,,,,KRONOS-H-AZULOSC,0.0,,0,deny,manual,70000.00,,false,true,,,,,,https://cdn.shopify.com/s/files/1/0749/0253/6365/files/db9a056a-ab36-463a-ab32-e50ca92d6fd5.png?v=1769046218,1,"",false,,,,kg,,,active
buso-licra-kronos-hombre,,,,,,,,,Azul Rey,,,,,,,,KRONOS-H-AZULREY,0.0,,0,deny,manual,70000.00,,false,true,,,,,,,,,,,,,kg,,,
buso-licra-kronos-hombre,,,,,,,,,Blanco,,,,,,,,KRONOS-H-BLANCO,0.0,,0,deny,manual,70000.00,,false,true,,,,,,,,,,,,,kg,,,
buso-licra-kronos-hombre,,,,,,,,,Negro,,,,,,,,KRONOS-H-NEGRO,0.0,,0,deny,manual,70000.00,,false,true,,,,,,,,,,,,,kg,,,
buso-licra-kronos-hombre,,,,,,,,,Rojo,,,,,,,,KRONOS-H-ROJO,0.0,shopify,50,deny,manual,70000.00,,false,true,,,,,,,,,,,,,kg,,,
buso-licra-kronos-hombre,,,,,,,,,Verde,,,,,,,,KRONOS-H-VERDE,0.0,shopify,50,deny,manual,70000.00,,false,true,,,,,,,,,,,,,kg,,,
buso-licra-kronos-hombre,,,,,,,,,Naranja,,,,,,,,KRONOS-H-NARANJA,0.0,shopify,50,deny,manual,70000.00,,false,true,,,,,,,,,,,,,kg,,,
buso-licra-kronos-hombre,,,,,,,,,Amarillo,,,,,,,,KRONOS-H-AMARILLO,0.0,shopify,50,deny,manual,70000.00,,false,true,,,,,,,,,,,,,kg,,,
buso-licra-kronos-hombre,,,,,,,,,Morado,,,,,,,,KRONOS-H-MORADO,0.0,shopify,50,deny,manual,70000.00,,false,true,,,,,,,,,,,,,kg,,,
buso-licra-kronos-hombre,,,,,,,,,Gris,,,,,,,,KRONOS-H-GRIS,0.0,shopify,50,deny,manual,70000.00,,false,true,,,,,,,,,,,,,kg,,,
buso-licra-kronos-hombre,,,,,,,,,Rosado,,,,,,,,KRONOS-H-ROSADO,0.0,shopify,50,deny,manual,70000.00,,false,true,,,,,,,,,,,,,kg,,,
buso-licra-kronos-hombre,,,,,,,,,Café,,,,,,,,KRONOS-H-CAFE,0.0,shopify,50,deny,manual,70000.00,,false,true,,,,,,,,,,,,,kg,,,
buso-paris-mujer,Buso Paris Mujer,"Buso deportivo para mujer con cuello alto y dedal en manga para proteger el dorso de la mano.

**Materiales:** Poliéster y elastómero, aporta agilidad y libertad de movimiento.

**Características:**
• Protección UV: UPF 50%, reduce el impacto de los rayos solares
• Flexibilidad: Tecnología Bi-stretch para ajuste anatómico ideal
• Control de humedad: Tratamiento Sportsec, absorbe rápido la humedad
• Cuello alto para mayor protección
• Dedal en manga para proteger el dorso de la mano

🇨🇴 Producto orgullosamente colombiano",Altor,Uncategorized,Busos,"buso, deportivo, manga-larga, mujeres, proteccion-uv",true,Color,Amarillo,,Talla,S,,,,,PARIS-M-AMA-S,0.0,,0,deny,manual,70000.00,,false,true,,,,,,https://cdn.shopify.com/s/files/1/0749/0253/6365/files/ca654729-3f7a-4aa9-94a9-4248b01ff9b5.png?v=1769044186,1,"",false,,,,kg,,,active
buso-paris-mujer,,,,,,,,,Amarillo,,,M,,,,,PARIS-M-AMA-M,0.0,,0,deny,manual,70000.00,,false,true,,,,,,,,,,,,,kg,,,
buso-paris-mujer,,,,,,,,,Amarillo,,,L,,,,,PARIS-M-AMA-L,0.0,,0,deny,manual,70000.00,,false,true,,,,,,,,,,,,,kg,,,
buso-paris-mujer,,,,,,,,,Amarillo,,,XL,,,,,PARIS-M-AMA-XL,0.0,,0,deny,manual,70000.00,,false,true,,,,,,,,,,,,,kg,,,
buso-paris-mujer,,,,,,,,,Amarillo,,,2XL,,,,,PARIS-M-AMA-2XL,0.0,,0,deny,manual,70000.00,,false,true,,,,,,,,,,,,,kg,,,
buso-paris-mujer,,,,,,,,,Azul Oscuro,,,S,,,,,PARIS-M-AZO-S,0.0,,0,deny,manual,70000.00,,false,true,,,,,,,,,,,,,kg,,,
buso-paris-mujer,,,,,,,,,Azul Oscuro,,,M,,,,,PARIS-M-AZO-M,0.0,,0,deny,manual,70000.00,,false,true,,,,,,,,,,,,,kg,,,
buso-paris-mujer,,,,,,,,,Azul Oscuro,,,L,,,,,PARIS-M-AZO-L,0.0,,0,deny,manual,70000.00,,false,true,,,,,,,,,,,,,kg,,,
buso-paris-mujer,,,,,,,,,Azul Oscuro,,,XL,,,,,PARIS-M-AZO-XL,0.0,,0,deny,manual,70000.00,,false,true,,,,,,,,,,,,,kg,,,
buso-paris-mujer,,,,,,,,,Azul Oscuro,,,2XL,,,,,PARIS-M-AZO-2XL,0.0,,0,deny,manual,70000.00,,false,true,,,,,,,,,,,,,kg,,,
buso-paris-mujer,,,,,,,,,Azul Rey,,,S,,,,,PARIS-M-AZR-S,0.0,,0,deny,manual,70000.00,,false,true,,,,,,,,,,,,,kg,,,
buso-paris-mujer,,,,,,,,,Azul Rey,,,M,,,,,PARIS-M-AZR-M,0.0,,0,deny,manual,70000.00,,false,true,,,,,,,,,,,,,kg,,,
buso-paris-mujer,,,,,,,,,Azul Rey,,,L,,,,,PARIS-M-AZR-L,0.0,,0,deny,manual,70000.00,,false,true,,,,,,,,,,,,,kg,,,
buso-paris-mujer,,,,,,,,,Azul Rey,,,XL,,,,,PARIS-M-AZR-XL,0.0,,0,deny,manual,70000.00,,false,true,,,,,,,,,,,,,kg,,,
buso-paris-mujer,,,,,,,,,Azul Rey,,,2XL,,,,,PARIS-M-AZR-2XL,0.0,,0,deny,manual,70000.00,,false,true,,,,,,,,,,,,,kg,,,
buso-paris-mujer,,,,,,,,,Rojo,,,S,,,,,PARIS-M-ROJ-S,0.0,,0,deny,manual,70000.00,,false,true,,,,,,,,,,,,,kg,,,
buso-paris-mujer,,,,,,,,,Rojo,,,M,,,,,PARIS-M-ROJ-M,0.0,,0,deny,manual,70000.00,,false,true,,,,,,,,,,,,,kg,,,
buso-paris-mujer,,,,,,,,,Rojo,,,L,,,,,PARIS-M-ROJ-L,0.0,,0,deny,manual,70000.00,,false,true,,,,,,,,,,,,,kg,,,
buso-paris-mujer,,,,,,,,,Rojo,,,XL,,,,,PARIS-M-ROJ-XL,0.0,,0,deny,manual,70000.00,,false,true,,,,,,,,,,,,,kg,,,
buso-paris-mujer,,,,,,,,,Rojo,,,2XL,,,,,PARIS-M-ROJ-2XL,0.0,,0,deny,manual,70000.00,,false,true,,,,,,,,,,,,,kg,,,
buso-paris-mujer,,,,,,,,,Verde Limón,,,S,,,,,PARIS-M-VLI-S,0.0,,0,deny,manual,70000.00,,false,true,,,,,,,,,,,,,kg,,,
buso-paris-mujer,,,,,,,,,Verde Limón,,,M,,,,,PARIS-M-VLI-M,0.0,,0,deny,manual,70000.00,,false,true,,,,,,,,,,,,,kg,,,
buso-paris-mujer,,,,,,,,,Verde Limón,,,L,,,,,PARIS-M-VLI-L,0.0,,0,deny,manual,70000.00,,false,true,,,,,,,,,,,,,kg,,,
buso-paris-mujer,,,,,,,,,Verde Limón,,,XL,,,,,PARIS-M-VLI-XL,0.0,,0,deny,manual,70000.00,,false,true,,,,,,,,,,,,,kg,,,
buso-paris-mujer,,,,,,,,,Verde Limón,,,2XL,,,,,PARIS-M-VLI-2XL,0.0,,0,deny,manual,70000.00,,false,true,,,,,,,,,,,,,kg,,,
buso-paris-mujer,,,,,,,,,Verde Militar,,,S,,,,,PARIS-M-VMI-S,0.0,,0,deny,manual,70000.00,,false,true,,,,,,,,,,,,,kg,,,
buso-paris-mujer,,,,,,,,,Verde Militar,,,M,,,,,PARIS-M-VMI-M,0.0,,0,deny,manual,70000.00,,false,true,,,,,,,,,,,,,kg,,,
buso-paris-mujer,,,,,,,,,Verde Militar,,,L,,,,,PARIS-M-VMI-L,0.0,,0,deny,manual,70000.00,,false,true,,,,,,,,,,,,,kg,,,
buso-paris-mujer,,,,,,,,,Verde Militar,,,XL,,,,,PARIS-M-VMI-XL,0.0,,0,deny,manual,70000.00,,false,true,,,,,,,,,,,,,kg,,,
buso-paris-mujer,,,,,,,,,Verde Militar,,,2XL,,,,,PARIS-M-VMI-2XL,0.0,,0,deny,manual,70000.00,,false,true,,,,,,,,,,,,,kg,,,
buso-paris-mujer,,,,,,,,,Verde Antioquia,,,S,,,,,PARIS-M-VAN-S,0.0,,0,deny,manual,70000.00,,false,true,,,,,,,,,,,,,kg,,,
buso-paris-mujer,,,,,,,,,Verde Antioquia,,,M,,,,,PARIS-M-VAN-M,0.0,,0,deny,manual,70000.00,,false,true,,,,,,,,,,,,,kg,,,
buso-paris-mujer,,,,,,,,,Verde Antioquia,,,L,,,,,PARIS-M-VAN-L,0.0,,0,deny,manual,70000.00,,false,true,,,,,,,,,,,,,kg,,,
buso-paris-mujer,,,,,,,,,Verde Antioquia,,,XL,,,,,PARIS-M-VAN-XL,0.0,,0,deny,manual,70000.00,,false,true,,,,,,,,,,,,,kg,,,
buso-paris-mujer,,,,,,,,,Verde Antioquia,,,2XL,,,,,PARIS-M-VAN-2XL,0.0,,0,deny,manual,70000.00,,false,true,,,,,,,,,,,,,kg,,,
buso-paris-mujer,,,,,,,,,Púrpura,,,S,,,,,PARIS-M-PUR-S,0.0,,0,deny,manual,70000.00,,false,true,,,,,,,,,,,,,kg,,,
buso-paris-mujer,,,,,,,,,Púrpura,,,M,,,,,PARIS-M-PUR-M,0.0,,0,deny,manual,70000.00,,false,true,,,,,,,,,,,,,kg,,,
buso-paris-mujer,,,,,,,,,Púrpura,,,L,,,,,PARIS-M-PUR-L,0.0,,0,deny,manual,70000.00,,false,true,,,,,,,,,,,,,kg,,,
buso-paris-mujer,,,,,,,,,Púrpura,,,XL,,,,,PARIS-M-PUR-XL,0.0,,0,deny,manual,70000.00,,false,true,,,,,,,,,,,,,kg,,,
buso-paris-mujer,,,,,,,,,Púrpura,,,2XL,,,,,PARIS-M-PUR-2XL,0.0,,0,deny,manual,70000.00,,false,true,,,,,,,,,,,,,kg,,,
buso-paris-mujer,,,,,,,,,Gris,,,S,,,,,PARIS-M-GRI-S,0.0,,0,deny,manual,70000.00,,false,true,,,,,,,,,,,,,kg,,,
buso-paris-mujer,,,,,,,,,Gris,,,M,,,,,PARIS-M-GRI-M,0.0,,0,deny,manual,70000.00,,false,true,,,,,,,,,,,,,kg,,,
buso-paris-mujer,,,,,,,,,Gris,,,L,,,,,PARIS-M-GRI-L,0.0,,0,deny,manual,70000.00,,false,true,,,,,,,,,,,,,kg,,,
buso-paris-mujer,,,,,,,,,Gris,,,XL,,,,,PARIS-M-GRI-XL,0.0,,0,deny,manual,70000.00,,false,true,,,,,,,,,,,,,kg,,,
buso-paris-mujer,,,,,,,,,Gris,,,2XL,,,,,PARIS-M-GRI-2XL,0.0,,0,deny,manual,70000.00,,false,true,,,,,,,,,,,,,kg,,,
buso-paris-mujer,,,,,,,,,Negro,,,S,,,,,PARIS-M-NEG-S,0.0,,0,deny,manual,70000.00,,false,true,,,,,,,,,,,,,kg,,,
buso-paris-mujer,,,,,,,,,Negro,,,M,,,,,PARIS-M-NEG-M,0.0,,0,deny,manual,70000.00,,false,true,,,,,,,,,,,,,kg,,,
buso-paris-mujer,,,,,,,,,Negro,,,L,,,,,PARIS-M-NEG-L,0.0,,0,deny,manual,70000.00,,false,true,,,,,,,,,,,,,kg,,,
buso-paris-mujer,,,,,,,,,Negro,,,XL,,,,,PARIS-M-NEG-XL,0.0,,0,deny,manual,70000.00,,false,true,,,,,,,,,,,,,kg,,,
buso-paris-mujer,,,,,,,,,Negro,,,2XL,,,,,PARIS-M-NEG-2XL,0.0,,0,deny,manual,70000.00,,false,true,,,,,,,,,,,,,kg,,,
buso-paris-mujer,,,,,,,,,Blanco,,,S,,,,,PARIS-M-BLA-S,0.0,,0,deny,manual,70000.00,,false,true,,,,,,,,,,,,,kg,,,
buso-paris-mujer,,,,,,,,,Blanco,,,M,,,,,PARIS-M-BLA-M,0.0,,0,deny,manual,70000.00,,false,true,,,,,,,,,,,,,kg,,,
buso-paris-mujer,,,,,,,,,Blanco,,,L,,,,,PARIS-M-BLA-L,0.0,,0,deny,manual,70000.00,,false,true,,,,,,,,,,,,,kg,,,
buso-paris-mujer,,,,,,,,,Blanco,,,XL,,,,,PARIS-M-BLA-XL,0.0,,0,deny,manual,70000.00,,false,true,,,,,,,,,,,,,kg,,,
buso-paris-mujer,,,,,,,,,Blanco,,,2XL,,,,,PARIS-M-BLA-2XL,0.0,,0,deny,manual,70000.00,,false,true,,,,,,,,,,,,,kg,,,
buso-paris-mujer,,,,,,,,,Naranja Neón,,,S,,,,,PARIS-M-NNE-S,0.0,,0,deny,manual,70000.00,,false,true,,,,,,,,,,,,,kg,,,
buso-paris-mujer,,,,,,,,,Naranja Neón,,,M,,,,,PARIS-M-NNE-M,0.0,,0,deny,manual,70000.00,,false,true,,,,,,,,,,,,,kg,,,
buso-paris-mujer,,,,,,,,,Naranja Neón,,,L,,,,,PARIS-M-NNE-L,0.0,,0,deny,manual,70000.00,,false,true,,,,,,,,,,,,,kg,,,
buso-paris-mujer,,,,,,,,,Naranja Neón,,,XL,,,,,PARIS-M-NNE-XL,0.0,,0,deny,manual,70000.00,,false,true,,,,,,,,,,,,,kg,,,
buso-paris-mujer,,,,,,,,,Naranja Neón,,,2XL,,,,,PARIS-M-NNE-2XL,0.0,,0,deny,manual,70000.00,,false,true,,,,,,,,,,,,,kg,,,
buso-paris-mujer,,,,,,,,,Naranja Oscuro,,,S,,,,,PARIS-M-NOS-S,0.0,,0,deny,manual,70000.00,,false,true,,,,,,,,,,,,,kg,,,
buso-paris-mujer,,,,,,,,,Naranja Oscuro,,,M,,,,,PARIS-M-NOS-M,0.0,,0,deny,manual,70000.00,,false,true,,,,,,,,,,,,,kg,,,
buso-paris-mujer,,,,,,,,,Naranja Oscuro,,,L,,,,,PARIS-M-NOS-L,0.0,,0,deny,manual,70000.00,,false,true,,,,,,,,,,,,,kg,,,
buso-paris-mujer,,,,,,,,,Naranja Oscuro,,,XL,,,,,PARIS-M-NOS-XL,0.0,,0,deny,manual,70000.00,,false,true,,,,,,,,,,,,,kg,,,
buso-paris-mujer,,,,,,,,,Naranja Oscuro,,,2XL,,,,,PARIS-M-NOS-2XL,0.0,,0,deny,manual,70000.00,,false,true,,,,,,,,,,,,,kg,,,
buso-paris-hombre,Buso Paris Hombre,"Buso deportivo para hombre con cuello alto y dedal en manga para proteger el dorso de la mano.

**Materiales:** Poliéster y elastómero, aporta agilidad y libertad de movimiento.

**Características:**
• Protección UV: UPF 50%, reduce el impacto de los rayos solares
• Flexibilidad: Tecnología Bi-stretch para ajuste anatómico ideal
• Control de humedad: Tratamiento Sportsec, absorbe rápido la humedad
• Cuello alto para mayor protección
• Dedal en manga para proteger el dorso de la mano

🇨🇴 Producto orgullosamente colombiano",Altor,Uncategorized,Busos,"buso, deportivo, hombres, manga-larga, proteccion-uv",true,Color,Amarillo,,Talla,S,,,,,PARIS-H-AMA-S,0.0,,0,deny,manual,70000.00,,false,true,,,,,,https://cdn.shopify.com/s/files/1/0749/0253/6365/files/d8529471-16ad-48e8-9006-aa61f35a8dcf.png?v=1769045757,1,"",false,,,,kg,,,active
buso-paris-hombre,,,,,,,,,Amarillo,,,M,,,,,PARIS-H-AMA-M,0.0,,0,deny,manual,70000.00,,false,true,,,,,,,,,,,,,kg,,,
buso-paris-hombre,,,,,,,,,Amarillo,,,L,,,,,PARIS-H-AMA-L,0.0,,0,deny,manual,70000.00,,false,true,,,,,,,,,,,,,kg,,,
buso-paris-hombre,,,,,,,,,Amarillo,,,XL,,,,,PARIS-H-AMA-XL,0.0,,0,deny,manual,70000.00,,false,true,,,,,,,,,,,,,kg,,,
buso-paris-hombre,,,,,,,,,Amarillo,,,2XL,,,,,PARIS-H-AMA-2XL,0.0,,0,deny,manual,70000.00,,false,true,,,,,,,,,,,,,kg,,,
buso-paris-hombre,,,,,,,,,Azul Oscuro,,,S,,,,,PARIS-H-AZO-S,0.0,,0,deny,manual,70000.00,,false,true,,,,,,,,,,,,,kg,,,
buso-paris-hombre,,,,,,,,,Azul Oscuro,,,M,,,,,PARIS-H-AZO-M,0.0,,0,deny,manual,70000.00,,false,true,,,,,,,,,,,,,kg,,,
buso-paris-hombre,,,,,,,,,Azul Oscuro,,,L,,,,,PARIS-H-AZO-L,0.0,,0,deny,manual,70000.00,,false,true,,,,,,,,,,,,,kg,,,
buso-paris-hombre,,,,,,,,,Azul Oscuro,,,XL,,,,,PARIS-H-AZO-XL,0.0,,0,deny,manual,70000.00,,false,true,,,,,,,,,,,,,kg,,,
buso-paris-hombre,,,,,,,,,Azul Oscuro,,,2XL,,,,,PARIS-H-AZO-2XL,0.0,,0,deny,manual,70000.00,,false,true,,,,,,,,,,,,,kg,,,
buso-paris-hombre,,,,,,,,,Azul Rey,,,S,,,,,PARIS-H-AZR-S,0.0,,0,deny,manual,70000.00,,false,true,,,,,,,,,,,,,kg,,,
buso-paris-hombre,,,,,,,,,Azul Rey,,,M,,,,,PARIS-H-AZR-M,0.0,,0,deny,manual,70000.00,,false,true,,,,,,,,,,,,,kg,,,
buso-paris-hombre,,,,,,,,,Azul Rey,,,L,,,,,PARIS-H-AZR-L,0.0,,0,deny,manual,70000.00,,false,true,,,,,,,,,,,,,kg,,,
buso-paris-hombre,,,,,,,,,Azul Rey,,,XL,,,,,PARIS-H-AZR-XL,0.0,,0,deny,manual,70000.00,,false,true,,,,,,,,,,,,,kg,,,
buso-paris-hombre,,,,,,,,,Azul Rey,,,2XL,,,,,PARIS-H-AZR-2XL,0.0,,0,deny,manual,70000.00,,false,true,,,,,,,,,,,,,kg,,,
buso-paris-hombre,,,,,,,,,Rojo,,,S,,,,,PARIS-H-ROJ-S,0.0,,0,deny,manual,70000.00,,false,true,,,,,,,,,,,,,kg,,,
buso-paris-hombre,,,,,,,,,Rojo,,,M,,,,,PARIS-H-ROJ-M,0.0,,0,deny,manual,70000.00,,false,true,,,,,,,,,,,,,kg,,,
buso-paris-hombre,,,,,,,,,Rojo,,,L,,,,,PARIS-H-ROJ-L,0.0,,0,deny,manual,70000.00,,false,true,,,,,,,,,,,,,kg,,,
buso-paris-hombre,,,,,,,,,Rojo,,,XL,,,,,PARIS-H-ROJ-XL,0.0,,0,deny,manual,70000.00,,false,true,,,,,,,,,,,,,kg,,,
buso-paris-hombre,,,,,,,,,Rojo,,,2XL,,,,,PARIS-H-ROJ-2XL,0.0,,0,deny,manual,70000.00,,false,true,,,,,,,,,,,,,kg,,,
buso-paris-hombre,,,,,,,,,Verde Limón,,,S,,,,,PARIS-H-VLI-S,0.0,,0,deny,manual,70000.00,,false,true,,,,,,,,,,,,,kg,,,
buso-paris-hombre,,,,,,,,,Verde Limón,,,M,,,,,PARIS-H-VLI-M,0.0,,0,deny,manual,70000.00,,false,true,,,,,,,,,,,,,kg,,,
buso-paris-hombre,,,,,,,,,Verde Limón,,,L,,,,,PARIS-H-VLI-L,0.0,,0,deny,manual,70000.00,,false,true,,,,,,,,,,,,,kg,,,
buso-paris-hombre,,,,,,,,,Verde Limón,,,XL,,,,,PARIS-H-VLI-XL,0.0,,0,deny,manual,70000.00,,false,true,,,,,,,,,,,,,kg,,,
buso-paris-hombre,,,,,,,,,Verde Limón,,,2XL,,,,,PARIS-H-VLI-2XL,0.0,,0,deny,manual,70000.00,,false,true,,,,,,,,,,,,,kg,,,
buso-paris-hombre,,,,,,,,,Verde Militar,,,S,,,,,PARIS-H-VMI-S,0.0,,0,deny,manual,70000.00,,false,true,,,,,,,,,,,,,kg,,,
buso-paris-hombre,,,,,,,,,Verde Militar,,,M,,,,,PARIS-H-VMI-M,0.0,,0,deny,manual,70000.00,,false,true,,,,,,,,,,,,,kg,,,
buso-paris-hombre,,,,,,,,,Verde Militar,,,L,,,,,PARIS-H-VMI-L,0.0,,0,deny,manual,70000.00,,false,true,,,,,,,,,,,,,kg,,,
buso-paris-hombre,,,,,,,,,Verde Militar,,,XL,,,,,PARIS-H-VMI-XL,0.0,,0,deny,manual,70000.00,,false,true,,,,,,,,,,,,,kg,,,
buso-paris-hombre,,,,,,,,,Verde Militar,,,2XL,,,,,PARIS-H-VMI-2XL,0.0,,0,deny,manual,70000.00,,false,true,,,,,,,,,,,,,kg,,,
buso-paris-hombre,,,,,,,,,Verde Antioquia,,,S,,,,,PARIS-H-VAN-S,0.0,,0,deny,manual,70000.00,,false,true,,,,,,,,,,,,,kg,,,
buso-paris-hombre,,,,,,,,,Verde Antioquia,,,M,,,,,PARIS-H-VAN-M,0.0,,0,deny,manual,70000.00,,false,true,,,,,,,,,,,,,kg,,,
buso-paris-hombre,,,,,,,,,Verde Antioquia,,,L,,,,,PARIS-H-VAN-L,0.0,,0,deny,manual,70000.00,,false,true,,,,,,,,,,,,,kg,,,
buso-paris-hombre,,,,,,,,,Verde Antioquia,,,XL,,,,,PARIS-H-VAN-XL,0.0,,0,deny,manual,70000.00,,false,true,,,,,,,,,,,,,kg,,,
buso-paris-hombre,,,,,,,,,Verde Antioquia,,,2XL,,,,,PARIS-H-VAN-2XL,0.0,,0,deny,manual,70000.00,,false,true,,,,,,,,,,,,,kg,,,
buso-paris-hombre,,,,,,,,,Púrpura,,,S,,,,,PARIS-H-PUR-S,0.0,,0,deny,manual,70000.00,,false,true,,,,,,,,,,,,,kg,,,
buso-paris-hombre,,,,,,,,,Púrpura,,,M,,,,,PARIS-H-PUR-M,0.0,,0,deny,manual,70000.00,,false,true,,,,,,,,,,,,,kg,,,
buso-paris-hombre,,,,,,,,,Púrpura,,,L,,,,,PARIS-H-PUR-L,0.0,,0,deny,manual,70000.00,,false,true,,,,,,,,,,,,,kg,,,
buso-paris-hombre,,,,,,,,,Púrpura,,,XL,,,,,PARIS-H-PUR-XL,0.0,,0,deny,manual,70000.00,,false,true,,,,,,,,,,,,,kg,,,
buso-paris-hombre,,,,,,,,,Púrpura,,,2XL,,,,,PARIS-H-PUR-2XL,0.0,,0,deny,manual,70000.00,,false,true,,,,,,,,,,,,,kg,,,
buso-paris-hombre,,,,,,,,,Gris,,,S,,,,,PARIS-H-GRI-S,0.0,,0,deny,manual,70000.00,,false,true,,,,,,,,,,,,,kg,,,
buso-paris-hombre,,,,,,,,,Gris,,,M,,,,,PARIS-H-GRI-M,0.0,,0,deny,manual,70000.00,,false,true,,,,,,,,,,,,,kg,,,
buso-paris-hombre,,,,,,,,,Gris,,,L,,,,,PARIS-H-GRI-L,0.0,,0,deny,manual,70000.00,,false,true,,,,,,,,,,,,,kg,,,
buso-paris-hombre,,,,,,,,,Gris,,,XL,,,,,PARIS-H-GRI-XL,0.0,,0,deny,manual,70000.00,,false,true,,,,,,,,,,,,,kg,,,
buso-paris-hombre,,,,,,,,,Gris,,,2XL,,,,,PARIS-H-GRI-2XL,0.0,,0,deny,manual,70000.00,,false,true,,,,,,,,,,,,,kg,,,
buso-paris-hombre,,,,,,,,,Negro,,,S,,,,,PARIS-H-NEG-S,0.0,,0,deny,manual,70000.00,,false,true,,,,,,,,,,,,,kg,,,
buso-paris-hombre,,,,,,,,,Negro,,,M,,,,,PARIS-H-NEG-M,0.0,,0,deny,manual,70000.00,,false,true,,,,,,,,,,,,,kg,,,
buso-paris-hombre,,,,,,,,,Negro,,,L,,,,,PARIS-H-NEG-L,0.0,,0,deny,manual,70000.00,,false,true,,,,,,,,,,,,,kg,,,
buso-paris-hombre,,,,,,,,,Negro,,,XL,,,,,PARIS-H-NEG-XL,0.0,,0,deny,manual,70000.00,,false,true,,,,,,,,,,,,,kg,,,
buso-paris-hombre,,,,,,,,,Negro,,,2XL,,,,,PARIS-H-NEG-2XL,0.0,,0,deny,manual,70000.00,,false,true,,,,,,,,,,,,,kg,,,
buso-paris-hombre,,,,,,,,,Blanco,,,S,,,,,PARIS-H-BLA-S,0.0,,0,deny,manual,70000.00,,false,true,,,,,,,,,,,,,kg,,,
buso-paris-hombre,,,,,,,,,Blanco,,,M,,,,,PARIS-H-BLA-M,0.0,,0,deny,manual,70000.00,,false,true,,,,,,,,,,,,,kg,,,
buso-paris-hombre,,,,,,,,,Blanco,,,L,,,,,PARIS-H-BLA-L,0.0,,0,deny,manual,70000.00,,false,true,,,,,,,,,,,,,kg,,,
buso-paris-hombre,,,,,,,,,Blanco,,,XL,,,,,PARIS-H-BLA-XL,0.0,,0,deny,manual,70000.00,,false,true,,,,,,,,,,,,,kg,,,
buso-paris-hombre,,,,,,,,,Blanco,,,2XL,,,,,PARIS-H-BLA-2XL,0.0,,0,deny,manual,70000.00,,false,true,,,,,,,,,,,,,kg,,,
buso-paris-hombre,,,,,,,,,Naranja Neón,,,S,,,,,PARIS-H-NNE-S,0.0,,0,deny,manual,70000.00,,false,true,,,,,,,,,,,,,kg,,,
buso-paris-hombre,,,,,,,,,Naranja Neón,,,M,,,,,PARIS-H-NNE-M,0.0,,0,deny,manual,70000.00,,false,true,,,,,,,,,,,,,kg,,,
buso-paris-hombre,,,,,,,,,Naranja Neón,,,L,,,,,PARIS-H-NNE-L,0.0,,0,deny,manual,70000.00,,false,true,,,,,,,,,,,,,kg,,,
buso-paris-hombre,,,,,,,,,Naranja Neón,,,XL,,,,,PARIS-H-NNE-XL,0.0,,0,deny,manual,70000.00,,false,true,,,,,,,,,,,,,kg,,,
buso-paris-hombre,,,,,,,,,Naranja Neón,,,2XL,,,,,PARIS-H-NNE-2XL,0.0,,0,deny,manual,70000.00,,false,true,,,,,,,,,,,,,kg,,,
buso-paris-hombre,,,,,,,,,Naranja Oscuro,,,S,,,,,PARIS-H-NOS-S,0.0,,0,deny,manual,70000.00,,false,true,,,,,,,,,,,,,kg,,,
buso-paris-hombre,,,,,,,,,Naranja Oscuro,,,M,,,,,PARIS-H-NOS-M,0.0,,0,deny,manual,70000.00,,false,true,,,,,,,,,,,,,kg,,,
buso-paris-hombre,,,,,,,,,Naranja Oscuro,,,L,,,,,PARIS-H-NOS-L,0.0,,0,deny,manual,70000.00,,false,true,,,,,,,,,,,,,kg,,,
buso-paris-hombre,,,,,,,,,Naranja Oscuro,,,XL,,,,,PARIS-H-NOS-XL,0.0,,0,deny,manual,70000.00,,false,true,,,,,,,,,,,,,kg,,,
buso-paris-hombre,,,,,,,,,Naranja Oscuro,,,2XL,,,,,PARIS-H-NOS-2XL,0.0,,0,deny,manual,70000.00,,false,true,,,,,,,,,,,,,kg,,,
